<annotation>
	<folder>collectedimages</folder>
	<filename>thanks.8c137834-0197-11ed-ac0b-342eb71f55d5.jpg</filename>
	<path>/Users/joshuajolly/Downloads/RealTimeObjectDetection/Tensorflow/workspace/images/collectedimages/thanks.8c137834-0197-11ed-ac0b-342eb71f55d5.jpg</path>
	<source>
		<database>Unknown</database>
	</source>
	<size>
		<width>640</width>
		<height>480</height>
		<depth>3</depth>
	</size>
	<segmented>0</segmented>
	<object>
		<name>thanks</name>
		<pose>Unspecified</pose>
		<truncated>0</truncated>
		<difficult>0</difficult>
		<bndbox>
			<xmin>199</xmin>
			<ymin>219</ymin>
			<xmax>370</xmax>
			<ymax>373</ymax>
		</bndbox>
	</object>
</annotation>
