<annotation>
	<folder>collectedimages</folder>
	<filename>yes.a41aa86a-0197-11ed-bcea-342eb71f55d5.jpg</filename>
	<path>/Users/joshuajolly/Downloads/RealTimeObjectDetection/Tensorflow/workspace/images/collectedimages/yes.a41aa86a-0197-11ed-bcea-342eb71f55d5.jpg</path>
	<source>
		<database>Unknown</database>
	</source>
	<size>
		<width>640</width>
		<height>480</height>
		<depth>3</depth>
	</size>
	<segmented>0</segmented>
	<object>
		<name>yes</name>
		<pose>Unspecified</pose>
		<truncated>0</truncated>
		<difficult>0</difficult>
		<bndbox>
			<xmin>116</xmin>
			<ymin>178</ymin>
			<xmax>301</xmax>
			<ymax>287</ymax>
		</bndbox>
	</object>
</annotation>
