<annotation>
	<folder>collectedimages</folder>
	<filename>yes.a1ad6264-0197-11ed-a197-342eb71f55d5.jpg</filename>
	<path>/Users/joshuajolly/Downloads/RealTimeObjectDetection/Tensorflow/workspace/images/collectedimages/yes.a1ad6264-0197-11ed-a197-342eb71f55d5.jpg</path>
	<source>
		<database>Unknown</database>
	</source>
	<size>
		<width>640</width>
		<height>480</height>
		<depth>3</depth>
	</size>
	<segmented>0</segmented>
	<object>
		<name>yes</name>
		<pose>Unspecified</pose>
		<truncated>0</truncated>
		<difficult>0</difficult>
		<bndbox>
			<xmin>113</xmin>
			<ymin>147</ymin>
			<xmax>301</xmax>
			<ymax>294</ymax>
		</bndbox>
	</object>
	<object>
		<name>yes</name>
		<pose>Unspecified</pose>
		<truncated>0</truncated>
		<difficult>0</difficult>
		<bndbox>
			<xmin>363</xmin>
			<ymin>150</ymin>
			<xmax>514</xmax>
			<ymax>291</ymax>
		</bndbox>
	</object>
</annotation>
